NumOfClaps,NumOfComments,article,articleTags,articleURL,linkOfAuthorProfile,nameOfAuthor,postingTime,readingTime
,,Data Science and Adphorus,"Adphorus News,Auto Bidding,Budget,Data Science",https://blog.adphorus.com/data-science-and-adphorus-aeb2cd249136?source=tag_archive---------4---------------------&gi=7bec4827fc21,https://blog.adphorus.com/@adphorus,Adphorus,"Jan 31, 2014",3 min read
,,"Data Mining, It Ain’t All That","Big Data,Data Science",https://theumlaut.com/data-mining-it-aint-all-that-96c7c81226c2?source=tag_archive---------2---------------------&gi=fdb6c21bcadf,https://theumlaut.com/@theumlaut,The Ümlaut,"Jan 30, 2014",4 min read
,,Using Data Science to Better Predict Demand: Case from Twitter and the Flu Season,"Health,Data Science,Social Media",https://medium.com/opex-analytics/using-data-science-to-better-predict-demand-case-from-twitter-and-the-flu-season-9be037ddd175?source=tag_archive---------8---------------------,https://medium.com/@OpexAnalytics,Opex Analytics,"Jan 2, 2014",2 min read
,,Heat Maps Track Customers In Store: A Chance to Apply Analytics for a Better Customer Experience,"Retail,Analytics,Data Visualization,Data Science",https://medium.com/opex-analytics/heat-maps-track-customers-in-store-a-chance-to-apply-analytics-for-a-better-customer-experience-90b03cae4577?source=tag_archive---------7---------------------,https://medium.com/@OpexAnalytics,Opex Analytics,"Jan 6, 2014", 
1 clap,,Data Science in Mexico,"Data Mining,Maps,Data Science,Mexico",https://medium.com/pepe-carlos-blog/data-science-in-mexico-2131c92bb762?source=tag_archive---------6---------------------,https://medium.com/@josecarlosgonz,Jose Carlos González,"Jan 15, 2014", 
,,OHGB: Beating the Wheel of Fortune Bonus Round,"Wheel Of Fortune,Data Science,Data Visualization",https://medium.com/@edweng/ohgb-beating-the-wheel-of-fortune-bonus-round-ef9f47847124?source=tag_archive---------5---------------------,https://medium.com/@edweng,Ed Weng,"Jan 4, 2014",2 min read
2 claps,,So you want to be a data scientist?,Data Science,https://medium.com/@idavchev/so-you-want-to-be-a-data-scientist-6aa1a27991ce?source=tag_archive---------3---------------------,https://medium.com/@idavchev,Ivan Davchev,"Jan 30, 2014",2 min read
,,Data Warehouse design on Amazon Redshift,"Data Science,Business Intelligence",https://medium.com/@key2market/data-warehouse-design-on-amazon-redshift-ce0b359448a?source=tag_archive---------1---------------------,https://medium.com/@key2market,Key2Market,"Jan 9, 2014",2 min read
,,Solving class imbalance on Google open images,"Machine Learning,Neural Networks,Data Science,Image Processing",https://medium.com/@aveysov/solving-class-imbalance-on-google-open-images-cf9e890bb146?source=tag_archive---------0---------------------,https://medium.com/@aveysov,Alexander Veysov,"Jan 22, 2014",6 min read
3 claps,,Find and Watch TV Shows on YouTube with CouchTube.net,"Insight Data Science,Data Science",https://blog.insightdatascience.com/find-and-watch-tv-shows-on-youtube-with-couchtube-net-78d7c1a7fa6?source=tag_archive---------0---------------------&gi=c26b7ef22f77,https://blog.insightdatascience.com/@InsightData,Insight,"Feb 20, 2014",6 min read
,,Lack of Analytics Skills May Be Holding Up Your Supply Chain,"Supply Chain,Data Science,Analytics",https://medium.com/opex-analytics/lack-of-analytics-skills-may-be-holding-up-your-supply-chain-f83749f29a26?source=tag_archive---------3---------------------,https://medium.com/@OpexAnalytics,Opex Analytics,"Feb 25, 2014", 
1 clap,,Data: The Next Frontier,"Big Data,Analytics,Data Science,Data Analysis,Innovation",https://medium.com/texas-mccombs/data-the-next-frontier-839388867cdb?source=tag_archive---------2---------------------,https://medium.com/@UTexasMcCombs,Texas McCombs,"Feb 5, 2014",5 min read
,,So You Want to be a Kaggle Wizard,"Python,Data Science",https://medium.com/@harleykwyn/so-you-want-to-be-a-kaggle-wizard-927484d72540?source=tag_archive---------1---------------------,https://medium.com/@harleykwyn,Kwyn Alice Meagher,"Feb 26, 2014",8 min read
,,Insight Data Science Fellows Program launches New York session,"Insight Data Science,Data Science",https://blog.insightdatascience.com/insight-data-science-fellows-program-launches-new-york-session-af0801fcb56e?source=tag_archive---------2---------------------,https://blog.insightdatascience.com/@InsightData,Insight,"Mar 14, 2014",3 min read
1 clap,,Fellow Spotlight: Shelby Sturgis,"Insight Data Science,Data Science",https://blog.insightdatascience.com/fellow-spotlight-shelby-sturgis-ad24757982de?source=tag_archive---------0---------------------,https://blog.insightdatascience.com/@InsightData,Insight,"Mar 6, 2014",6 min read
,,Spending Your Analytics Time Where It Counts,"Supply Chain,Data Science,Data Cleaning,Data Engineering",https://medium.com/opex-analytics/spending-your-analytics-time-where-it-counts-8ea0c9725ae7?source=tag_archive---------6---------------------,https://medium.com/@OpexAnalytics,Opex Analytics,"Mar 16, 2014", 
,,Managers Need to Know Technical Details of Analytics,"Data Science,Analytics,Machine Learning,Technology Management,Business Analytics",https://medium.com/opex-analytics/managers-need-to-know-technical-details-of-analytics-92e7153ef963?source=tag_archive---------5---------------------,https://medium.com/@OpexAnalytics,Opex Analytics,"Mar 12, 2014", 
,,Predictions That Save Big Money,"Big Data,Data Science,Machine Learning,Predictive Analytics",https://medium.com/opex-analytics/predictions-that-save-big-money-a995fac52967?source=tag_archive---------4---------------------,https://medium.com/@OpexAnalytics,Opex Analytics,"Mar 18, 2014", 
50 claps,,What about the women?,"Women,Data Science,Coursera",https://medium.com/coursera-engineering/what-about-the-women-668638540946?source=tag_archive---------3---------------------,https://medium.com/@CourseraEng,Coursera,"Mar 8, 2014",7 min read
4 claps,,"Creating, serving & storing data for discovery","Big Data,Analytics,Discovery,Datascience,Hadoop",https://medium.com/@Pinterest_Engineering/creating-serving-amp-storing-data-for-discovery-3f9f9ce7c139?source=tag_archive---------1---------------------,https://medium.com/@Pinterest_Engineering,Pinterest Engineering,"Mar 6, 2014",5 min read
,,Our Ongoing Analytics Project with the NFL: Winning More Games,"Sports,Big Data,Data Science,April Fools",https://medium.com/opex-analytics/our-ongoing-analytics-project-with-the-nfl-winning-more-games-63a3d35c0745?source=tag_archive---------0---------------------,https://medium.com/@OpexAnalytics,Opex Analytics,"Mar 31, 2014",3 min read
1 clap,,Data Inference: Drinking With the Dude,"Data Science,Computer Science,Engineering,Big Data",https://engineering.tapad.com/data-inference-drinking-with-the-dude-2f64fabdf410?source=tag_archive---------0---------------------&gi=14cc31d441d,https://engineering.tapad.com/@tapadeng,Tapad Engineering,"Apr 7, 2014",7 min read
,,Benefits of Map Portals for Your Analytics Projects,"Supply Chain,Maps,Data Science",https://medium.com/opex-analytics/benefits-of-map-portals-for-your-analytics-projects-e1b73892f1c1?source=tag_archive---------0---------------------,https://medium.com/@OpexAnalytics,Opex Analytics,"Apr 2, 2014", 
,,Add user pseudonyms in data analysis,"Data,Data Science,Tutorial",https://sense.porganized.com/add-user-pseudonyms-in-data-analysis-f7cfcaf5848a?source=tag_archive---------1---------------------&gi=e22f78f1be5e,https://sense.porganized.com/@POrg,Peter Organisciak,"Apr 16, 2014", 
,,WSJ Article on the Importance of Analytics to Your Career,"Big Data,Data Science,Artificial Intelligence,Machine Learning",https://medium.com/opex-analytics/wsj-article-on-the-importance-of-analytics-to-your-career-afccfe2f3e0b?source=tag_archive---------0---------------------,https://medium.com/@OpexAnalytics,Opex Analytics,"Apr 10, 2014", 
,,Add user pseudonyms in data analysis,"Data,Data Science,Tutorial",https://sense.porganized.com/add-user-pseudonyms-in-data-analysis-f7cfcaf5848a?source=tag_archive---------5---------------------,https://sense.porganized.com/@POrg,Peter Organisciak,"Apr 16, 2014", 
1 clap,,Data Inference: Drinking With the Dude,"Data Science,Computer Science,Engineering,Big Data",https://engineering.tapad.com/data-inference-drinking-with-the-dude-2f64fabdf410?source=tag_archive---------3---------------------,https://engineering.tapad.com/@tapadeng,Tapad Engineering,"Apr 7, 2014",7 min read
2 claps,,PlacePickr: Helping Couples Decide Where To Live,"Insight Data Science,Data Science",https://blog.insightdatascience.com/placepickr-helping-couples-decide-where-to-live-e2f26f95a0a1?source=tag_archive---------2---------------------,https://blog.insightdatascience.com/@InsightData,Insight,"Apr 24, 2014",4 min read
2 claps,,PlacePickr: Helping Couples Decide Where To Live,"Insight Data Science,Data Science",https://blog.insightdatascience.com/placepickr-helping-couples-decide-where-to-live-e2f26f95a0a1?source=tag_archive---------0---------------------,https://blog.insightdatascience.com/@InsightData,Insight,"Apr 24, 2014",4 min read
18 claps,,Preparing for Insight,"Insight Data Science,Data Science",https://blog.insightdatascience.com/preparing-for-insight-ca7cc6087f91?source=tag_archive---------0---------------------,https://blog.insightdatascience.com/@InsightData,Insight,"Apr 16, 2014",5 min read
,,Sample Custom Optimization Scheduling Problem,"Programming,Optimization,Data Science,Scheduling",https://medium.com/opex-analytics/sample-custom-optimization-scheduling-problem-e659c1baaf65?source=tag_archive---------1---------------------,https://medium.com/@OpexAnalytics,Opex Analytics,"Apr 13, 2014", 
,,Our Ongoing Analytics Project with the NFL: Winning More Games,"Sports,Big Data,Data Science,April Fools",https://medium.com/opex-analytics/our-ongoing-analytics-project-with-the-nfl-winning-more-games-63a3d35c0745?source=tag_archive---------11---------------------,https://medium.com/@OpexAnalytics,Opex Analytics,"Mar 31, 2014",3 min read
,,WSJ Article on the Importance of Analytics to Your Career,"Big Data,Data Science,Artificial Intelligence,Machine Learning",https://medium.com/opex-analytics/wsj-article-on-the-importance-of-analytics-to-your-career-afccfe2f3e0b?source=tag_archive---------10---------------------,https://medium.com/@OpexAnalytics,Opex Analytics,"Apr 10, 2014", 
,,Benefits of Map Portals for Your Analytics Projects,"Supply Chain,Maps,Data Science",https://medium.com/opex-analytics/benefits-of-map-portals-for-your-analytics-projects-e1b73892f1c1?source=tag_archive---------9---------------------,https://medium.com/@OpexAnalytics,Opex Analytics,"Apr 2, 2014", 
,,Sample Custom Optimization Scheduling Problem,"Programming,Optimization,Data Science,Scheduling",https://medium.com/opex-analytics/sample-custom-optimization-scheduling-problem-e659c1baaf65?source=tag_archive---------8---------------------,https://medium.com/@OpexAnalytics,Opex Analytics,"Apr 13, 2014", 
,,Big Data Applied to the Supply Chain,"Supply Chain,Big Data,Data Engineering,Data Science",https://medium.com/opex-analytics/big-data-applied-to-the-supply-chain-ebd50647af2b?source=tag_archive---------7---------------------,https://medium.com/@OpexAnalytics,Opex Analytics,"Apr 13, 2014",2 min read
,,Technical Note on Calculating Many Distances for Analytics Projects,"Machine Learning,Data Science,Data Cleaning",https://medium.com/opex-analytics/technical-note-on-calculating-many-distances-for-analytics-projects-f48a39f8bb69?source=tag_archive---------0---------------------,https://medium.com/@OpexAnalytics,Opex Analytics,"Apr 16, 2014",3 min read
,,Technical Note on Calculating Many Distances for Analytics Projects,"Machine Learning,Data Science,Data Cleaning",https://medium.com/opex-analytics/technical-note-on-calculating-many-distances-for-analytics-projects-f48a39f8bb69?source=tag_archive---------6---------------------,https://medium.com/@OpexAnalytics,Opex Analytics,"Apr 16, 2014",3 min read
,,Adventures with Python: Warsaw’s bike parkings,"Data Science,Python",https://medium.com/@maciejb/adventures-with-python-warsaws-bike-parkings-ebe3b19098fa?source=tag_archive---------0---------------------,https://medium.com/@maciejb,Maciej Biłas,"Apr 22, 2014",2 min read
,,Adventures with Python: Warsaw’s bike parkings,"Data Science,Python",https://medium.com/@maciejb/adventures-with-python-warsaws-bike-parkings-ebe3b19098fa?source=tag_archive---------4---------------------,https://medium.com/@maciejb,Maciej Biłas,"Apr 22, 2014",2 min read
,,Big Data Applied to the Supply Chain,"Supply Chain,Big Data,Data Engineering,Data Science",https://medium.com/opex-analytics/big-data-applied-to-the-supply-chain-ebd50647af2b?source=tag_archive---------0---------------------,https://medium.com/@OpexAnalytics,Opex Analytics,"Apr 13, 2014",2 min read
,,Pick Your Fiction (And Your Career),"Insight Data Science,Data Science",https://blog.insightdatascience.com/pick-your-fiction-and-your-career-233cdea00725?source=tag_archive---------3---------------------,https://blog.insightdatascience.com/@InsightData,Insight,"May 13, 2014",8 min read
8 claps,,Gradient descent vs coordinate descent,"Machine Learning,Data Science,Gradient Descent,Algorithms,Deep Learning",https://hackernoon.com/gradient-descent-vs-coordinate-descent-9b5657f1c59f?source=tag_archive---------2---------------------&gi=a9a8cd857111,https://hackernoon.com/@frag,Francesco Gadaleta,"May 30, 2014",4 min read
,,Contextual Analytics can Transform Banks into Customer Centric Leaders,"Fintech,Big Data,Technology,Data Science,Business",https://medium.com/@tulliosiragusa/can-micro-contextual-analytics-transform-banks-into-customer-centric-leaders-f7a65403ca54?source=tag_archive---------5---------------------,https://medium.com/@tulliosiragusa,Tullio Siragusa,"May 22, 2014",8 min read
,,Understanding usage patterns with data,"Data Science,Data,Engineering,Discovery,Trends",https://medium.com/@Pinterest_Engineering/understanding-usage-patterns-with-data-cf356b2e732e?source=tag_archive---------4---------------------,https://medium.com/@Pinterest_Engineering,Pinterest Engineering,"May 14, 2014",3 min read
57 claps,2,"What Do 220,000,000,000 Data Points Look Like?","Maps,Data Science,Big Data",https://medium.com/strava-engineering/what-do-220-000-000-000-data-points-look-like-d267107d9aa7?source=tag_archive---------1---------------------,https://medium.com/@stravaeng,Strava Engineering,"May 15, 2014",3 min read
441 claps,2,Experiment Reporting Framework,"Experiments,Developer Tools,Data Science,Experimentation",https://medium.com/airbnb-engineering/experiment-reporting-framework-4e3fcd29e6c0?source=tag_archive---------0---------------------,https://medium.com/@airbnbeng,AirbnbEng,"May 29, 2014",6 min read
46 claps,,How We Use Data At AnyPerk,"Data Science,Product Management,Anyperk",https://anyperk.engineering/how-we-use-data-at-anyperk-5a01ae81fcf6?source=tag_archive---------1---------------------&gi=fedd03644b0e,https://anyperk.engineering/@drewdil,Drew Dillon,"Jun 18, 2014",6 min read
,,Another Benefit of Analytics: Recruiting Talent,"Recruiting,Data Science,Analytics",https://medium.com/opex-analytics/another-benefit-of-analytics-recruiting-talent-41f8907a5863?source=tag_archive---------5---------------------,https://medium.com/@OpexAnalytics,Opex Analytics,"Jun 10, 2014", 
1 clap,,Marinexplore Becomes Planet OS,"Big Data,GIS,Data Science,Open Data,Environment",https://medium.com/planet-os/marinexplore-becomes-planet-os-1f80a329f619?source=tag_archive---------4---------------------,https://medium.com/@planetos,Planet OS,"Jun 16, 2014",3 min read
4 claps,,How to Do Zero-Downtime Database Migrations,"Ruby on Rails,Database,Data Science,Software Development,Software Engineering",https://medium.com/deployment-academy/how-to-do-zero-downtime-database-migrations-9d2d9eb37508?source=tag_archive---------3---------------------,https://medium.com/@rainforestqa,Rainforest QA,"Jun 26, 2014",4 min read
4 claps,,“Are We Viral?”,"Product Management,Growth,Data Science",https://medium.com/product-man/are-we-viral-e1fe790933e6?source=tag_archive---------2---------------------,https://medium.com/@drewdil,Drew Dillon,"Jun 25, 2014",4 min read
167 claps,1,Optimizing the Netflix Streaming Experience with Data Science,"Algorithms,Analytics,Big Data,Data Science,Predictive Modeling",https://medium.com/netflix-techblog/optimizing-the-netflix-streaming-experience-with-data-science-725f04c3e834?source=tag_archive---------0---------------------,https://medium.com/@NetflixTechBlog,Netflix Technology Blog,"Jun 10, 2014",6 min read
,,Economist Article: Use Big Data to Drive Many Small Changes That Add Up,"Big Data,Data Science,Data Engineering",https://medium.com/opex-analytics/economist-article-use-big-data-to-drive-many-small-changes-that-add-up-3fa79bf29447?source=tag_archive---------4---------------------,https://medium.com/@OpexAnalytics,Opex Analytics,"Jul 26, 2014",2 min read
,,Power and productivity: the next step for big data,"Machine Learning,Probabilistic Programming,Big Data,Data Science,Deep Learning",https://medium.com/@lauradinneen/power-and-productivity-the-next-step-for-big-data-407e8cd2beb8?source=tag_archive---------3---------------------,https://medium.com/@lauradinneen,Laura Dinneen,"Jul 10, 2014",3 min read
,1,Do You Really Want to See the First Available Doctor?,"Healthcare,Physician Quality,Data Science",https://medium.com/@GrandRounds/do-you-really-want-to-see-the-first-available-doctor-48c234249839?source=tag_archive---------2---------------------,https://medium.com/@GrandRounds,Grand Rounds,"Jul 9, 2014",2 min read
,,Grouping similar messages using Topic Modeling,"Topic Modeling,Data Science,Machine Learning",https://medium.com/helpshift-engineering/grouping-similar-messages-using-topic-modeling-7ed4d77d067c?source=tag_archive---------1---------------------,https://medium.com/@helpshift_tech,Helpshift Engineering Team,"Jul 20, 2014",2 min read
8 claps,,Powering big data at Pinterest,"Big Data,Hadoop,Datascience,MySQL,Infrastructure",https://medium.com/@Pinterest_Engineering/powering-big-data-at-pinterest-3c4836e2b112?source=tag_archive---------0---------------------,https://medium.com/@Pinterest_Engineering,Pinterest Engineering,"Jul 23, 2014",8 min read
,,The Data Science Behind Adphorus Algorithmic Optimization Engine: Marvin,"Optimization,Adphorus,Data Science",https://blog.adphorus.com/the-data-science-behind-adphorus-algorithmic-optimization-engine-marvin-dc17c99e9e0d?source=tag_archive---------1---------------------,https://blog.adphorus.com/@adphorus,Adphorus,"Aug 7, 2014",4 min read
188 claps,8,Want to learn about Data Science and Engineering from top data engineers in Silicon Valley or New York? ,"Insight Data Engineering,Data Engineering,Data Science,Big Data,Training",https://blog.insightdatascience.com/data-science-vs-data-engineering-62da7678adaa?source=tag_archive---------0---------------------,https://blog.insightdatascience.com/@InsightData,Insight,"Aug 7, 2014",4 min read
,,Optimal streaming histograms,"Data Science,Analytics",https://amplitude.engineering/optimal-streaming-histograms-2af47e0cfcb2?source=tag_archive---------0---------------------&gi=378a244ab2bc,https://amplitude.engineering/@AmplitudeEng,Amplitude Engineering,"Aug 6, 2014",5 min read
,,Optimal streaming histograms,"Data Science,Analytics",https://amplitude.engineering/optimal-streaming-histograms-2af47e0cfcb2?source=tag_archive---------7---------------------,https://amplitude.engineering/@AmplitudeEng,Amplitude Engineering,"Aug 6, 2014",5 min read
,,Building a Comprehensive Database of Products: Open Problems and Challenges in Machine Learning,"Data Science,Machine Learning,Engineering,Ecommerce Solution,Retail Technology",https://medium.indix.com/building-a-comprehensive-database-of-products-open-problems-and-challenges-in-machine-learning-42f42e1341a2?source=tag_archive---------9---------------------&gi=609f9c146779,https://medium.indix.com/@IndixHQ,Indix HQ,"Aug 29, 2014",6 min read
,,The Data Science Behind Adphorus Algorithmic Optimization Engine: Marvin,"Optimization,Adphorus,Data Science",https://blog.adphorus.com/the-data-science-behind-adphorus-algorithmic-optimization-engine-marvin-dc17c99e9e0d?source=tag_archive---------3---------------------,https://blog.adphorus.com/@adphorus,Adphorus,"Aug 7, 2014",4 min read
1 clap,,Tableau Software Data Visualization and Storytelling Capabilities,"Analytics,Big Data,Data Science,Technology,Business",https://blog.openbridge.com/tableau-8-0-data-visualization-and-storytelling-capabilities-49b8aa945222?source=tag_archive---------6---------------------&gi=6eae1c5009be,https://blog.openbridge.com/@thomas_72192,Thomas Spicer,"Aug 23, 2014",7 min read
1 clap,,Tableau Software Data Visualization and Storytelling Capabilities,"Analytics,Big Data,Data Science,Technology,Business",https://blog.openbridge.com/tableau-8-0-data-visualization-and-storytelling-capabilities-49b8aa945222?source=tag_archive---------0---------------------,https://blog.openbridge.com/@thomas_72192,Thomas Spicer,"Aug 23, 2014",7 min read
,,"In Short, It’s a Lot","Big Data,Data Science",https://medium.com/beginner-at-bi-data-science-and-big-data/in-short-its-a-lot-1395c3a8f7fe?source=tag_archive---------8---------------------,https://medium.com/@krishna_mydream,Krishna Kanth,"Aug 18, 2014",3 min read
4 claps,,The relativity of knowledge and 2D vs. 3D Thinking….,"Philoshophy,Data Science,Scientific Method,Science,Data Analysis",https://medium.com/@AllBungled/the-relativity-of-knowledge-and-2d-vs-3d-thinking-9aaea1472931?source=tag_archive---------0---------------------,https://medium.com/@AllBungled,T.A.B.,"Aug 13, 2014",7 min read
,,Walking the Beat: Mining Seattle’s Police Report Data,"Data Science,Police",https://medium.com/beacon-labs-blog/walking-the-beat-mining-seattles-police-report-data-97e2f4804fba?source=tag_archive---------5---------------------,https://medium.com/@beaconlabs,Beacon Labs,"Aug 22, 2014",10 min read
2 claps,,MODE Analytics — SQL Data Analysis,"Data Analysis,Sql,Data Science,Data Visualization",https://medium.com/beginner-at-bi-data-science-and-big-data/mode-analytics-sql-data-analysis-e9b1f469b098?source=tag_archive---------4---------------------,https://medium.com/@krishna_mydream,Krishna Kanth,"Aug 28, 2014",4 min read
18 claps,1,The Bay Area’s Top Stops,"Maps,Data Science",https://medium.com/strava-engineering/the-bay-areas-top-stops-d9516b7a1009?source=tag_archive---------2---------------------,https://medium.com/@stravaeng,Strava Engineering,"Aug 28, 2014",2 min read
4 claps,,The relativity of knowledge and 2D vs. 3D Thinking….,"Philoshophy,Data Science,Scientific Method,Science,Data Analysis",https://medium.com/@AllBungled/the-relativity-of-knowledge-and-2d-vs-3d-thinking-9aaea1472931?source=tag_archive---------1---------------------,https://medium.com/@AllBungled,T.A.B.,"Aug 13, 2014",7 min read
,,"In Short, It’s a Lot","Big Data,Data Science",https://medium.com/beginner-at-bi-data-science-and-big-data/in-short-its-a-lot-1395c3a8f7fe?source=tag_archive---------0---------------------,https://medium.com/@krishna_mydream,Krishna Kanth,"Aug 18, 2014",3 min read
,,Building a Comprehensive Database of Products: Open Problems and Challenges in Machine Learning,"Data Science,Machine Learning,Engineering,Ecommerce Solution,Retail Technology",https://medium.indix.com/building-a-comprehensive-database-of-products-open-problems-and-challenges-in-machine-learning-42f42e1341a2?source=tag_archive---------1---------------------,https://medium.indix.com/@IndixHQ,Indix HQ,"Aug 29, 2014",6 min read
,,Walking the Beat: Mining Seattle’s Police Report Data,"Data Science,Police",https://medium.com/beacon-labs-blog/walking-the-beat-mining-seattles-police-report-data-97e2f4804fba?source=tag_archive---------0---------------------,https://medium.com/@beaconlabs,Beacon Labs,"Aug 22, 2014",10 min read
,,Big Data Does Not Mean Clean Data,Data Science,https://medium.com/opex-analytics/big-data-does-not-mean-clean-data-8d34bcec2e88?source=tag_archive---------0---------------------,https://medium.com/@OpexAnalytics,Opex Analytics,"Aug 26, 2014", 
2 claps,,MODE Analytics — SQL Data Analysis,"Data Analysis,Sql,Data Science,Data Visualization",https://medium.com/beginner-at-bi-data-science-and-big-data/mode-analytics-sql-data-analysis-e9b1f469b098?source=tag_archive---------0---------------------,https://medium.com/@krishna_mydream,Krishna Kanth,"Aug 28, 2014",4 min read
18 claps,1,The Bay Area’s Top Stops,"Maps,Data Science",https://medium.com/strava-engineering/the-bay-areas-top-stops-d9516b7a1009?source=tag_archive---------0---------------------,https://medium.com/@stravaeng,Strava Engineering,"Aug 28, 2014",2 min read
8 claps,1,Predicting iTunes Sales Through the Anatomy of Music,"Machine Learning,Data Science",https://making.nextbigsound.com/predicting-itunes-sales-through-the-anatomy-of-music-8276f88c7328?source=tag_archive---------2---------------------&gi=d5a746bdfa35,https://making.nextbigsound.com/@nextbigsound,Next Big Sound,"Sep 17, 2014",14 min read
,,It’s (not) complicated,"Complexity,Resilience,Ecology,Business Strategy,Data Science",https://medium.com/the-next-us/its-not-complicated-25c6cc6b7817?source=tag_archive---------5---------------------,https://medium.com/@mgibsonsf,Mark Gibson,"Sep 4, 2014",2 min read
,,More Proof that You Should Pay Attention to Big Data: Case New Holland Ad for Farmers During a Big Ten Game is All About Big Data,"Big Data,Data Science,Machine Learning,Artificial Intelligence,Data Engineering",https://medium.com/opex-analytics/more-proof-that-you-should-pay-attention-to-big-data-case-new-holland-ad-for-farmers-during-a-big-ae5ef632c16c?source=tag_archive---------4---------------------,https://medium.com/@OpexAnalytics,Opex Analytics,"Sep 26, 2014",2 min read
,,A/B Testing,Data Science,https://medium.com/coursera-engineering/a-b-testing-internet-scale-c151ad494650?source=tag_archive---------3---------------------,https://medium.com/@CourseraEng,Coursera,"Sep 10, 2014",2 min read
1 clap,,Reactive LDA Library,"Machine Learning,Data Science",https://medium.com/kifi-engineering/reactive-lda-library-d495ed2a6342?source=tag_archive---------1---------------------,https://medium.com/@yingjie,Yingjie Miao,"Sep 19, 2014",5 min read
51 claps,1,Analytics at Strava,Data Science,https://medium.com/strava-engineering/analytics-at-strava-fcfc3291e85b?source=tag_archive---------0---------------------,https://medium.com/@stravaeng,Strava Engineering,"Sep 17, 2014",3 min read
,,Validating big data at scale,"Data Science,Big Data",https://amplitude.engineering/validating-big-data-at-scale-eae3362c0686?source=tag_archive---------0---------------------,https://amplitude.engineering/@AmplitudeEng,Amplitude Engineering,"Oct 2, 2014", 
,,Insight community grows in Silicon Valley and expands to New York City,"Insight Data Science,Data Science",https://blog.insightdatascience.com/insight-community-grows-in-silicon-valley-and-expands-to-new-york-city-1019dc93305?source=tag_archive---------0---------------------,https://blog.insightdatascience.com/@InsightData,Insight,"Oct 10, 2014",4 min read
,,"Oh Sacred Science, Hallowed Be Thy Name","Philosophy,Data Science",https://theumlaut.com/oh-sacred-science-hallowed-be-thy-name-a82fc35422b9?source=tag_archive---------0---------------------,https://theumlaut.com/@adamgurri,Adam Gurri,"Oct 13, 2014",5 min read
,,Building Data Science at Scale,"Apache,Data,Data Science,Engineering,Hadoop",https://medium.com/paypal-engineering/building-data-science-at-scale-3774f03c55bf?source=tag_archive---------0---------------------,https://medium.com/@paypaleng,PayPal Engineering,"Oct 3, 2014",3 min read
,,What Artificial Intelligence Research and Toyota’s JIT Revolution Can Teach Us About Analytics,"Artificial Intelligence,Managerial Analytics,Data Science,Big Data",https://medium.com/opex-analytics/what-artificial-intelligence-research-and-toyotas-jit-revolution-can-teach-us-about-analytics-9be5147d63d0?source=tag_archive---------0---------------------,https://medium.com/@OpexAnalytics,Opex Analytics,"Oct 4, 2014",2 min read
,,Why Structured Product Data is the Kernel of Good SEO,Data Science,https://medium.indix.com/why-structured-product-data-is-the-kernel-of-good-seo-7a23a0407906?source=tag_archive---------0---------------------,https://medium.indix.com/@IndixHQ,Indix HQ,"Oct 21, 2014",3 min read
1 clap,,Beyond Responsive Design,"Data Science,Responsive Design,Exploding Kittens",https://grahambling.rocks/beyond-responsive-design-6c7450b12aaa?source=tag_archive---------6---------------------&gi=803df73fec65,https://grahambling.rocks/@grahama_is,Graham Anderson,"Oct 31, 2014",5 min read
,,Insight community grows in Silicon Valley and expands to New York City,"Insight Data Science,Data Science",https://blog.insightdatascience.com/insight-community-grows-in-silicon-valley-and-expands-to-new-york-city-1019dc93305?source=tag_archive---------4---------------------,https://blog.insightdatascience.com/@InsightData,Insight,"Oct 10, 2014",4 min read
,,"Oh Sacred Science, Hallowed Be Thy Name","Philosophy,Data Science",https://theumlaut.com/oh-sacred-science-hallowed-be-thy-name-a82fc35422b9?source=tag_archive---------2---------------------,https://theumlaut.com/@adamgurri,Adam Gurri,"Oct 13, 2014",5 min read
,,Defending Credit for the World’s Poor with Data Science,"Data Science,Credit",https://medium.com/beacon-labs-blog/defending-credit-for-the-worlds-poor-with-data-science-43e3cf862e41?source=tag_archive---------0---------------------,https://medium.com/@wetchler,Everett Wetchler,"Oct 13, 2014",9 min read
5 claps,,Mixing Real-Time and Batch Data Processing,"Big Data,Data Science,Data Processing,Internet of Things",https://medium.com/opex-analytics/mixing-real-time-and-batch-data-processing-f29b0b4fcb0a?source=tag_archive---------9---------------------,https://medium.com/@OpexAnalytics,Opex Analytics,"Oct 18, 2014",2 min read
,,What Artificial Intelligence Research and Toyota’s JIT Revolution Can Teach Us About Analytics,"Artificial Intelligence,Managerial Analytics,Data Science,Big Data",https://medium.com/opex-analytics/what-artificial-intelligence-research-and-toyotas-jit-revolution-can-teach-us-about-analytics-9be5147d63d0?source=tag_archive---------8---------------------,https://medium.com/@OpexAnalytics,Opex Analytics,"Oct 4, 2014",2 min read
,,Building Data Science at Scale,"Apache,Data,Data Science,Engineering,Hadoop",https://medium.com/paypal-engineering/building-data-science-at-scale-3774f03c55bf?source=tag_archive---------7---------------------,https://medium.com/@paypaleng,PayPal Engineering,"Oct 3, 2014",3 min read
5 claps,,Mixing Real-Time and Batch Data Processing,"Big Data,Data Science,Data Processing,Internet of Things",https://medium.com/opex-analytics/mixing-real-time-and-batch-data-processing-f29b0b4fcb0a?source=tag_archive---------1---------------------,https://medium.com/@OpexAnalytics,Opex Analytics,"Oct 18, 2014",2 min read
7 claps,,Small Data Masquerading As Big Data,"Data Science,Big Data",https://medium.com/data-science-for-humans/small-data-masquerading-as-big-data-6df309c7a82a?source=tag_archive---------0---------------------,https://medium.com/@nomadic_mind,James Faghmous,"Oct 19, 2014",3 min read
,,Hyperloglog Algorithm: A must-know for data scientists,"Data Science,Hyperloglog,Mobile Analytics,Sketch,Streaming Algorithm",https://medium.com/@mParticle/hyperloglog-algorithm-a-must-know-for-data-scientists-ef0fa4ba5476?source=tag_archive---------5---------------------,https://medium.com/@mParticle,mParticle,"Oct 23, 2014",4 min read
,,Spark and In-Memory Databases: Tachyon Leading the Pack,"Big Data,Data Processing,Data Science",https://medium.com/opex-analytics/spark-and-in-memory-databases-tachyon-leading-the-pack-97b2fad62d0?source=tag_archive---------0---------------------,https://medium.com/@OpexAnalytics,Opex Analytics,"Oct 21, 2014",2 min read
,,Hyperloglog Algorithm: A must-know for data scientists,"Data Science,Hyperloglog,Mobile Analytics,Sketch,Streaming Algorithm",https://medium.com/@mParticle/hyperloglog-algorithm-a-must-know-for-data-scientists-ef0fa4ba5476?source=tag_archive---------0---------------------,https://medium.com/@mParticle,mParticle,"Oct 23, 2014",4 min read
7 claps,,Small Data Masquerading As Big Data,"Data Science,Big Data",https://medium.com/data-science-for-humans/small-data-masquerading-as-big-data-6df309c7a82a?source=tag_archive---------3---------------------,https://medium.com/@nomadic_mind,James Faghmous,"Oct 19, 2014",3 min read
,,Defending Credit for the World’s Poor with Data Science,"Data Science,Credit",https://medium.com/beacon-labs-blog/defending-credit-for-the-worlds-poor-with-data-science-43e3cf862e41?source=tag_archive---------1---------------------,https://medium.com/@wetchler,Everett Wetchler,"Oct 13, 2014",9 min read
,,A Prerequisite for On-Time Analytics Projects,"Big Data,Data Analytics,Data Science,Data Processing,Data Cleaning",https://medium.com/opex-analytics/a-prerequisite-for-on-time-analytics-projects-7f5ba939a1db?source=tag_archive---------0---------------------,https://medium.com/@OpexAnalytics,Opex Analytics,"Oct 26, 2014",3 min read
1 clap,,Beyond Responsive Design,"Data Science,Responsive Design,Exploding Kittens",https://grahambling.rocks/beyond-responsive-design-6c7450b12aaa?source=tag_archive---------0---------------------,https://grahambling.rocks/@grahama_is,Graham Anderson,"Oct 31, 2014",5 min read
1 clap,,Aggregate Analytics Are Dumb!!!,"Marketing,Data Science,Exploding Kittens",https://grahambling.rocks/aggregate-analytics-are-dumb-new-study-reveals-909ab1fa926a?source=tag_archive---------0---------------------,https://grahambling.rocks/@grahama_is,Graham Anderson,"Nov 4, 2014",4 min read
143 claps,,What makes a good data scientist-engineer?,"Data Science,Software,Towards Data Science,Machine Learning,Technology",https://towardsdatascience.com/what-makes-a-good-data-scientist-engineer-a8b4d7948a86?source=tag_archive---------0---------------------&gi=81b89f1aef97,https://towardsdatascience.com/@nikhilbd,Nikhil Dandekar,"Nov 11, 2014",3 min read
,,Why Small and Medium Businesses (SMBs) Are a Big Opportunity for Business Analytics,"Startup,Big Data,Data Science,Business Analytics",https://medium.com/opex-analytics/why-small-and-medium-businesses-smbs-are-a-big-opportunity-for-business-analytics-dcdf27dde630?source=tag_archive---------1---------------------,https://medium.com/@OpexAnalytics,Opex Analytics,"Oct 30, 2014",3 min read
1 clap,,Aggregate Analytics Are Dumb!!!,"Marketing,Data Science,Exploding Kittens",https://grahambling.rocks/aggregate-analytics-are-dumb-new-study-reveals-909ab1fa926a?source=tag_archive---------5---------------------,https://grahambling.rocks/@grahama_is,Graham Anderson,"Nov 4, 2014",4 min read
,,Three Ways the Supply Chain Wastes Big Data,"Supply Chain,Big Data,Data Science,Data Analytics",https://medium.com/opex-analytics/three-ways-the-supply-chain-wastes-big-data-2ba208f287ff?source=tag_archive---------1---------------------,https://medium.com/@OpexAnalytics,Opex Analytics,"Nov 4, 2014", 
,,Modeling the Competition,"Supply Chain,Data Science,Big Data,Modeling,Competition",https://medium.com/opex-analytics/modeling-the-competition-9ff11bce9fb0?source=tag_archive---------0---------------------,https://medium.com/@OpexAnalytics,Opex Analytics,"Nov 3, 2014", 
,,Why Data Scientists create poor Data Products ? 5 humbling lessons,"Data Science,IoT,Artificial Intelligence",https://medium.com/@fluturads/why-data-scientists-create-poor-data-products-5-humbling-lessons-6c2fa100a022?source=tag_archive---------0---------------------,https://medium.com/@fluturads,Flutura DS,"Nov 8, 2014",3 min read
,,Five Lessons from “Scaling Up Excellence”,"Supply Chain,Data Science,Big Data",https://medium.com/opex-analytics/5-lessons-from-the-book-scaling-up-excellence-1fe55901e599?source=tag_archive---------0---------------------,https://medium.com/@OpexAnalytics,Opex Analytics,"Nov 10, 2014",2 min read
1 clap,,"Shazam Is Shaping Music, Not Just Identifying It","Data Science,Music,Shazam",https://medium.com/@stoweboyd/shazam-is-shaping-music-not-just-identifying-it-5262079d3a0?source=tag_archive---------9---------------------,https://medium.com/@stoweboyd,Stowe Boyd,"Nov 21, 2014",3 min read
1 clap,,Data Science + Behavioral Science = Force Multiplier ! 3 Real Life Stories,"Big Data,Data Science,IoT",https://medium.com/@fluturads/data-science-behavioral-science-force-multiplier-3-real-life-stories-e08459002a23?source=tag_archive---------8---------------------,https://medium.com/@fluturads,Flutura DS,"Nov 24, 2014",4 min read
6 claps,,Engineering your own education,"Computer Science,Data Science,Startup",https://medium.com/data-engineering/engineering-your-own-education-2804691d09a?source=tag_archive---------0---------------------,https://medium.com/@jeffksmithjr,Jeff Smith,"Nov 16, 2014",11 min read
,,CSCMP’s Supply Chain Quarterly: Three Things You Should Know About Big Data and Analytics,"Big Data,Data Analytics,Data Science,Supply Chain",https://medium.com/opex-analytics/cscmps-supply-chain-quarterly-three-things-you-should-know-about-big-data-and-analytics-b22612b85d9c?source=tag_archive---------0---------------------,https://medium.com/@OpexAnalytics,Opex Analytics,"Nov 17, 2014", 
,,Three Ways the Supply Chain Wastes Big Data,"Supply Chain,Big Data,Data Science,Data Analytics",https://medium.com/opex-analytics/three-ways-the-supply-chain-wastes-big-data-2ba208f287ff?source=tag_archive---------7---------------------,https://medium.com/@OpexAnalytics,Opex Analytics,"Nov 4, 2014", 
,,Why Data Scientists create poor Data Products ? 5 humbling lessons,"Data Science,IoT,Artificial Intelligence",https://medium.com/@fluturads/why-data-scientists-create-poor-data-products-5-humbling-lessons-6c2fa100a022?source=tag_archive---------6---------------------,https://medium.com/@fluturads,Flutura DS,"Nov 8, 2014",3 min read
4 claps,1,On Data Science Job Scarcity,"Data Science,Internet",https://medium.com/data-science-for-humans/the-data-scientist-shortage-myth-44c9538ae5c6?source=tag_archive---------0---------------------,https://medium.com/@nomadic_mind,James Faghmous,"Nov 18, 2014",2 min read
1 clap,,"#DatosAbiertos: “Los datos mienten tanto como la gente, incluso más”: ","Giannina Segnini,Periodismo,Data Science,Periodismo De Datos",https://medium.com/periodistas-cr/datosabiertos-los-datos-mienten-tanto-como-la-gente-incluso-mas-gianninasegnini-6134da8fd8cc?source=tag_archive---------4---------------------,https://medium.com/@anyperezcr,Any Pérez,"Nov 23, 2014",7 min read
4 claps,1,On Data Science Job Scarcity,"Data Science,Internet",https://medium.com/data-science-for-humans/the-data-scientist-shortage-myth-44c9538ae5c6?source=tag_archive---------3---------------------,https://medium.com/@nomadic_mind,James Faghmous,"Nov 18, 2014",2 min read
16 claps,,Getting Started With Data Science In Python,"Data Science,Python",https://medium.com/@jdwittenauer/getting-started-with-data-science-in-python-8005028d2c21?source=tag_archive---------2---------------------,https://medium.com/@jdwittenauer,John Wittenauer,"Nov 24, 2014",5 min read
6 claps,,Engineering your own education,"Computer Science,Data Science,Startup",https://medium.com/data-engineering/engineering-your-own-education-2804691d09a?source=tag_archive---------1---------------------,https://medium.com/@jeffksmithjr,Jeff Smith,"Nov 16, 2014",11 min read
1 clap,,"Shazam Is Shaping Music, Not Just Identifying It","Data Science,Music,Shazam",https://medium.com/@stoweboyd/shazam-is-shaping-music-not-just-identifying-it-5262079d3a0?source=tag_archive---------0---------------------,https://medium.com/@stoweboyd,Stowe Boyd,"Nov 21, 2014",3 min read
1 clap,,"#DatosAbiertos: “Los datos mienten tanto como la gente, incluso más”: ","Giannina Segnini,Periodismo,Data Science,Periodismo De Datos",https://medium.com/periodistas-cr/datosabiertos-los-datos-mienten-tanto-como-la-gente-incluso-mas-gianninasegnini-6134da8fd8cc?source=tag_archive---------0---------------------,https://medium.com/@anyperezcr,Any Pérez,"Nov 23, 2014",7 min read
1 clap,,Data Science + Behavioral Science = Force Multiplier ! 3 Real Life Stories,"Big Data,Data Science,IoT",https://medium.com/@fluturads/data-science-behavioral-science-force-multiplier-3-real-life-stories-e08459002a23?source=tag_archive---------1---------------------,https://medium.com/@fluturads,Flutura DS,"Nov 24, 2014",4 min read
16 claps,,Getting Started With Data Science In Python,"Data Science,Python",https://medium.com/@jdwittenauer/getting-started-with-data-science-in-python-8005028d2c21?source=tag_archive---------0---------------------,https://medium.com/@jdwittenauer,John Wittenauer,"Nov 24, 2014",5 min read
,,"Round Table with Jacqui Taylor, Flying Binary","Big Data,Cloud,Data Science,Flying Binary,Jacqui Taylor",https://blog.angelacademe.com/round-table-with-jacqui-taylor-flying-binary-2d3d1a16e72e?source=tag_archive---------0---------------------&gi=723f2f0b28fc,https://blog.angelacademe.com/@angelacademe,Angel Academe,"Dec 7, 2014",2 min read
2 claps,,Why Flip Phones will Destroy Big Data in 2016,"Data Science,Future,Surreal",https://grahambling.rocks/why-im-leaving-big-data-for-a-flip-phone-f15a7c3372b8?source=tag_archive---------0---------------------,https://grahambling.rocks/@grahama_is,Graham Anderson,"Dec 10, 2014",3 min read
1 clap,,Dynamic Data Warehousing of Semi-Structured Data with Snowflake,"Big Data,Data Science,Snowflake,Data Warehouse",https://insight.full360.com/dynamic-data-warehousing-of-semi-structured-data-with-snowflake-db430608dc8a?source=tag_archive---------2---------------------&gi=84c9d645d131,https://insight.full360.com/@jeremy_winters,Jeremy Winters,"Dec 9, 2014",10 min read
1 clap,,Dynamic Data Warehousing of Semi-Structured Data with Snowflake,"Big Data,Snowflake,Data Science,AWS",https://insight.full360.com/dynamic-data-warehousing-of-semi-structured-data-with-snowflake-df156a226158?source=tag_archive---------1---------------------&gi=3c9c578e306e,https://insight.full360.com/@mdcbowen,Michael DC Bowen,"Dec 9, 2014",10 min read
,,Full360 ElasticBI Data Platform,"Big Data,Redshift,Database,AWS,Data Science",https://medium.com/@mdcbowen/full360-elasticbi-data-platform-f4124b28ba4c?source=tag_archive---------0---------------------,https://medium.com/@mdcbowen,Michael DC Bowen,"Dec 10, 2014",7 min read
58 claps,,"Tableau and Plotly Dashboards: Science, Finance, Banking, 3D & Beyond","Dashboard,Business Intelligence,Data Science",https://medium.com/@plotlygraphs/tableau-and-plotly-dashboards-science-finance-banking-3d-beyond-5bc0f06dd65c?source=tag_archive---------0---------------------,https://medium.com/@plotlygraphs,plotly,"Dec 12, 2014",3 min read
1 clap,,How and Why to Use Google Analytics Custom Campaigns,"Analytics,Marketing,Google Analytics,Data,Data Science",https://medium.com/@innoarchitech/how-and-why-to-use-google-analytics-custom-campaigns-73901d1c945c?source=tag_archive---------0---------------------,https://medium.com/@innoarchitech,Alex Castrounis,"Dec 14, 2014",7 min read
1 clap,,Dynamic Data Warehousing of Semi-Structured Data with Snowflake,"Big Data,Data Science,Snowflake,Data Warehouse",https://insight.full360.com/dynamic-data-warehousing-of-semi-structured-data-with-snowflake-db430608dc8a?source=tag_archive---------6---------------------&gi=4fc3f581b2c4,https://insight.full360.com/@jeremy_winters,Jeremy Winters,"Dec 9, 2014",10 min read
,,Experiência de Mercado x Dados: de que lado ficar?,"Analytics,Big Data,Data Science",https://medium.com/@intelie3/experi%C3%AAncia-de-mercado-x-dados-de-que-lado-ficar-71d445433a7e?source=tag_archive---------8---------------------,https://medium.com/@intelie3,Intelie,"Dec 29, 2014",3 min read
,,Full360 ElasticBI Data Platform,"Big Data,Redshift,Database,AWS,Data Science",https://medium.com/@mdcbowen/full360-elasticbi-data-platform-f4124b28ba4c?source=tag_archive---------9---------------------,https://medium.com/@mdcbowen,Michael DC Bowen,"Dec 10, 2014",7 min read
,,How 150 Data Scientists Gathered to Hack for Social Good,"Data Science,Hackathons",https://medium.com/beacon-labs-blog/how-150-data-scientists-gathered-to-hack-for-social-good-fac8bdd927fc?source=tag_archive---------7---------------------,https://medium.com/@shawnxu,Shawn Xu,"Dec 19, 2014",4 min read
2 claps,,Why Flip Phones will Destroy Big Data in 2016,"Data Science,Future,Surreal",https://grahambling.rocks/why-im-leaving-big-data-for-a-flip-phone-f15a7c3372b8?source=tag_archive---------2---------------------&gi=1c153b27e230,https://grahambling.rocks/@grahama_is,Graham Anderson,"Dec 10, 2014",3 min read
,,How 150 Data Scientists Gathered to Hack for Social Good,"Data Science,Hackathons",https://medium.com/beacon-labs-blog/how-150-data-scientists-gathered-to-hack-for-social-good-fac8bdd927fc?source=tag_archive---------0---------------------,https://medium.com/@shawnxu,Shawn Xu,"Dec 19, 2014",4 min read
4 claps,2,Sentiment and semantic analysis of Facebook conversations. (ENG),"Semantic,Sentiment,Data Science",https://medium.com/@javiergb_com/sentiment-and-semantic-analysis-of-facebook-conversations-eng-8f1f51292241?source=tag_archive---------0---------------------,https://medium.com/@javiergb_com,Javier GB,"Dec 21, 2014",4 min read
1 clap,,Dynamic Data Warehousing of Semi-Structured Data with Snowflake,"Big Data,Snowflake,Data Science,AWS",https://insight.full360.com/dynamic-data-warehousing-of-semi-structured-data-with-snowflake-df156a226158?source=tag_archive---------3---------------------&gi=bafc277ae48b,https://insight.full360.com/@mdcbowen,Michael DC Bowen,"Dec 9, 2014",10 min read
1 clap,,How and Why to Use Google Analytics Custom Campaigns,"Analytics,Marketing,Google Analytics,Data,Data Science",https://medium.com/@innoarchitech/how-and-why-to-use-google-analytics-custom-campaigns-73901d1c945c?source=tag_archive---------4---------------------,https://medium.com/@innoarchitech,Alex Castrounis,"Dec 14, 2014",7 min read
4 claps,2,Sentiment and semantic analysis of Facebook conversations. (ENG),"Semantic,Sentiment,Data Science",https://medium.com/@javiergb_com/sentiment-and-semantic-analysis-of-facebook-conversations-eng-8f1f51292241?source=tag_archive---------1---------------------,https://medium.com/@javiergb_com,Javier GB,"Dec 21, 2014",4 min read
,,Experiência de Mercado x Dados: de que lado ficar?,"Analytics,Big Data,Data Science",https://medium.com/@intelie3/experi%C3%AAncia-de-mercado-x-dados-de-que-lado-ficar-71d445433a7e?source=tag_archive---------0---------------------,https://medium.com/@intelie3,Intelie,"Dec 29, 2014",3 min read
